{"cameraMode":{"drawMode":0,"name":"Shaded","section":"Shading Mode"},"sceneLighting":true,"audioPlay":false,"sceneViewState":{"m_AlwaysRefresh":false,"showFog":true,"showSkybox":true,"showFlares":true,"showImageEffects":true,"showParticleSystems":true,"showVisualEffectGraphs":true,"m_FxEnabled":true},"in2DMode":false,"pivot":{"x":-4.7218804359436039,"y":3.8133788108825685,"z":2.5846505165100099},"rotation":{"x":-0.12963581085205079,"y":0.6075579524040222,"z":-0.10136014968156815,"w":-0.7770426869392395},"size":4.157282829284668,"orthographic":false}